Manufacturer,Permit Number,DATE,VIN NUMBER,"VEHICLE IS CAPABLE OF OPERATING WITHOUT A DRIVER
(Yes or No)","DRIVER PRESENT
(Yes or No)","DISENGAGEMENT INITIATED BY
(AV System, Test Driver, Remote Operator, or Passenger)","DISENGAGEMENT
LOCATION
(Interstate, Freeway, Highway, Rural Road, Street, or Parking Facility)",DESCRIPTION OF FACTS CAUSING DISENGAGEMENT,,
Ambarella Corp.,AVT053,3/14/2018,3LN6L5MU7HR609845,No,Yes,test driver,street,Unexpected result from the path planner in the given traffic conditions,,
Ambarella Corp.,AVT053,3/14/2018,3LN6L5MU7HR609845,No,Yes,test driver,street,Unexpected result from the radar based perception in the given traffic conditions,,
Ambarella Corp.,AVT053,3/14/2018,3LN6L5MU7HR609845,No,Yes,test driver,street,Unexpected result from the path planner in the given traffic conditions,,
Ambarella Corp.,AVT053,3/14/2018,3LN6L5MU7HR609845,No,Yes,test driver,street,Unexpected result from the GPS system in the given traffic conditions,,
Ambarella Corp.,AVT053,3/15/2018,3LN6L5MU7HR609845,No,Yes,test driver,street,Unexpected result from the GPS system in the given traffic conditions,,
Ambarella Corp.,AVT053,3/15/2018,3LN6L5MU7HR609845,No,Yes,test driver,street (high speed),Unexpected result from the radar based perception in the given traffic conditions,,
Ambarella Corp.,AVT053,3/16/2018,3LN6L5MU7HR609845,No,Yes,test driver,street,Unexpected result from the GPS system in the given traffic conditions,,
Ambarella Corp.,AVT053,3/16/2018,3LN6L5MU7HR609845,No,Yes,test driver,street,Unexpected result from the GPS system in the given traffic conditions,,
Ambarella Corp.,AVT053,3/16/2018,3LN6L5MU7HR609845,No,Yes,test driver,street,Unexpected result from the path planner in the given traffic conditions,,
Ambarella Corp.,AVT053,3/16/2018,3LN6L5MU7HR609845,No,Yes,test driver,street,Unexpected result from the path planner in the given traffic conditions,,
Ambarella Corp.,AVT053,3/16/2018,3LN6L5MU7HR609845,No,Yes,test driver,street,Unexpected result from the GPS system in the given traffic conditions,,
Ambarella Corp.,AVT053,3/19/2018,3LN6L5MU7HR609845,No,Yes,test driver,street (high speed),Unexpected result from the GPS system in the given traffic conditions,,
Ambarella Corp.,AVT053,3/19/2018,3LN6L5MU7HR609845,No,Yes,test driver,street,Unexpected result from the GPS system in the given traffic conditions,,
Ambarella Corp.,AVT053,3/19/2018,3LN6L5MU7HR609845,No,Yes,test driver,street,Unexpected result from the path planner in the given traffic conditions,,
Ambarella Corp.,AVT053,3/20/2018,3LN6L5MU7HR609845,No,Yes,test driver,street (high speed),Unexpected result from the GPS system in the given traffic conditions,,
Ambarella Corp.,AVT053,3/20/2018,3LN6L5MU7HR609845,No,Yes,test driver,street (high speed),Unexpected result from the radar based perception in the given traffic conditions,,
Ambarella Corp.,AVT053,3/21/2018,3LN6L5MU7HR609845,No,Yes,test driver,street,Unexpected result from the perception system in road works conditions,,
Ambarella Corp.,AVT053,3/21/2018,3LN6L5MU7HR609845,No,Yes,test driver,street,Unexpected result from the planning system in road works conditions,,
Ambarella Corp.,AVT053,3/22/2018,3LN6L5MU7HR609845,No,Yes,test driver,street (high speed),Unexpected result from the GPS system in the given traffic conditions,,
Ambarella Corp.,AVT053,3/22/2018,3LN6L5MU7HR609845,No,Yes,test driver,street,Unexpected result from the perception system in the given traffic conditions,,
Ambarella Corp.,AVT053,3/22/2018,3LN6L5MU7HR609845,No,Yes,test driver,street,Unexpected result from the planning system in road works conditions,,
Ambarella Corp.,AVT053,3/22/2018,3LN6L5MU7HR609845,No,Yes,test driver,street (high speed),Unexpected result from the GPS system in the given traffic conditions,,
Ambarella Corp.,AVT053,3/23/2018,3LN6L5MU7HR609845,No,Yes,test driver,street,Unexpected result from the planning system in the given traffic conditions,,
Ambarella Corp.,AVT053,3/23/2018,3LN6L5MU7HR609845,No,Yes,test driver,street,Unexpected result from the planning system in the given traffic conditions,,
Ambarella Corp.,AVT053,3/23/2018,3LN6L5MU7HR609845,No,Yes,test driver,street,Unexpected result from the GPS system in the given traffic conditions,,
Ambarella Corp.,AVT053,3/26/2018,3LN6L5MU7HR609845,No,Yes,test driver,street,Unexpected result from the GPS system in the given traffic conditions,,
Ambarella Corp.,AVT053,3/26/2018,3LN6L5MU7HR609845,No,Yes,test driver,street,Unexpected result from the GPS system in the given traffic conditions,,
Ambarella Corp.,AVT053,3/26/2018,3LN6L5MU7HR609845,No,Yes,test driver,street,Unexpected result from the planning system in the given traffic conditions,,
Ambarella Corp.,AVT053,3/27/2018,3LN6L5MU7HR609845,No,Yes,test driver,street,Unexpected result from the GPS system in the given traffic conditions,,
Ambarella Corp.,AVT053,3/27/2018,3LN6L5MU7HR609845,No,Yes,test driver,street,Unexpected result from the GPS system in the given traffic conditions,,
Ambarella Corp.,AVT053,3/28/2018,3LN6L5MU7HR609845,No,Yes,test driver,street,Unexpected result from the GPS system in the given traffic conditions,,
Ambarella Corp.,AVT053,3/28/2018,3LN6L5MU7HR609845,No,Yes,test driver,street (high speed),Unexpected result from the GPS system in the given traffic conditions,,
Ambarella Corp.,AVT053,3/28/2018,3LN6L5MU7HR609845,No,Yes,test driver,street,Unexpected result from the GPS system in the given traffic conditions,,
Ambarella Corp.,AVT053,3/28/2018,3LN6L5MU7HR609845,No,Yes,test driver,street,Unexpected result from the GPS system in the given traffic conditions,,
Ambarella Corp.,AVT053,3/29/2018,3LN6L5MU7HR609845,No,Yes,test driver,street,Disengagement decided by the driver to avoid the road work condition,,
Ambarella Corp.,AVT053,3/29/2018,3LN6L5MU7HR609845,No,Yes,test driver,street,Disengagement decided by the driver to avoid the road work condition,,
Ambarella Corp.,AVT053,3/30/2018,3LN6L5MU7HR609845,No,Yes,test driver,street,Unexpected result from the GPS system in the given traffic conditions,,
Ambarella Corp.,AVT053,4/2/2018,3LN6L5MU7HR609845,No,Yes,test driver,street,Unexpected result from the perception system in the given traffic conditions,,
Ambarella Corp.,AVT053,4/4/2018,3LN6L5MU7HR609845,No,Yes,test driver,street,Unexpected result from the planning system in the given traffic conditions,,
Ambarella Corp.,AVT053,4/5/2018,3LN6L5MU7HR609845,No,Yes,test driver,street,Unexpected result from the planning system in the given traffic conditions,,
Ambarella Corp.,AVT053,4/6/2018,3LN6L5MU7HR609845,No,Yes,test driver,street,Unexpected result from the planning system in the given traffic conditions,,
Ambarella Corp.,AVT053,4/9/2018,3LN6L5MU7HR609845,No,Yes,test driver,street,Unexpected result from the planning system in the given traffic conditions,,
Ambarella Corp.,AVT053,4/9/2018,3LN6L5MU7HR609845,No,Yes,test driver,street,Unexpected result from the GPS system in the given traffic conditions,,
Ambarella Corp.,AVT053,4/10/2018,3LN6L5MU7HR609845,No,Yes,test driver,street (high speed),Unexpected result from the planning system in the given traffic conditions,,
Ambarella Corp.,AVT053,4/10/2018,3LN6L5MU7HR609845,No,Yes,test driver,street,Unexpected result from the GPS system in the given traffic conditions,,
Ambarella Corp.,AVT053,4/10/2018,3LN6L5MU7HR609845,No,Yes,test driver,street,Unexpected result from the GPS system in the given traffic conditions,,
Ambarella Corp.,AVT053,4/11/2018,3LN6L5MU7HR609845,No,Yes,test driver,street,Unexpected result from the GPS system in the given traffic conditions,,
Ambarella Corp.,AVT053,4/11/2018,3LN6L5MU7HR609845,No,Yes,test driver,street (high speed),Unexpected result from the perception system in the given traffic conditions,,
Ambarella Corp.,AVT053,4/11/2018,3LN6L5MU7HR609845,No,Yes,test driver,street,Unexpected result from the GPS system in the given traffic conditions,,
Ambarella Corp.,AVT053,4/12/2018,3LN6L5MU7HR609845,No,Yes,test driver,street (high speed),Unexpected result from the perception system in the given traffic conditions,,
Ambarella Corp.,AVT053,4/12/2018,3LN6L5MU7HR609845,No,Yes,test driver,street,Unexpected result from the GPS system in the given traffic conditions,,
Ambarella Corp.,AVT053,4/12/2018,3LN6L5MU7HR609845,No,Yes,test driver,street,Unexpected result from the GPS system in the given traffic conditions,,
"Apex.Ai, Inc.",AVT051,2/21/2018,2T2BGMCA2HC016195,No,Yes,Test Driver,Street,False positive sensor object ,,
"Apex.Ai, Inc.",AVT051,2/23/2018,2T2BGMCA2HC016195,No,Yes,Test Driver,Street,Reckless driving of other traffic participant ,,
"Apex.Ai, Inc.",AVT051,2/28/2018,2T2BGMCA2HC016195,No,Yes,Test Driver,Street,Reckless driving of other traffic participant ,,
"Apex.Ai, Inc.",AVT051,2/28/2018,2T2BGMCA2HC016195,No,Yes,Test Driver,Street,Algorithmic deficiency ,,
"Apex.Ai, Inc.",AVT051,3/6/2018,2T2BGMCA2HC016195,No,Yes,Test Driver,Street,Reckless driving of other traffic participant ,,
"Apex.Ai, Inc.",AVT051,3/6/2018,2T2BGMCA2HC016195,No,Yes,Test Driver,Street,Deficiency of sensor set ,,
"Apex.Ai, Inc.",AVT051,3/12/2018,2T2BGMCA2HC016195,No,Yes,Test Driver,Street,Hardware problem ,,
"Apex.Ai, Inc.",AVT051,3/14/2018,2T2BGMCA2HC016195,No,Yes,Test Driver,Street,False positive sensor object ,,
"Apex.Ai, Inc.",AVT051,3/14/2018,2T2BGMCA2HC016195,No,Yes,Test Driver,Street,Reckless driving of other traffic participant ,,
"Apex.Ai, Inc.",AVT051,3/14/2018,2T2BGMCA2HC016195,No,Yes,Test Driver,Street,Deficiency of sensor set ,,
"Apex.Ai, Inc.",AVT051,3/14/2018,2T2BGMCA2HC016195,No,Yes,Test Driver,Street,Reckless driving of other traffic participant ,,
"Apex.Ai, Inc.",AVT051,3/14/2018,2T2BGMCA2HC016195,No,Yes,Test Driver,Street,Reckless driving of other traffic participant ,,
"Apex.Ai, Inc.",AVT051,3/15/2018,2T2BGMCA2HC016195,No,Yes,Test Driver,Street,Algorithmic deficiency ,,
"Apex.Ai, Inc.",AVT051,3/15/2018,2T2BGMCA2HC016195,No,Yes,Test Driver,Street,Algorithmic deficiency ,,
"Apex.Ai, Inc.",AVT051,3/15/2018,2T2BGMCA2HC016195,No,Yes,Test Driver,Street,False positive sensor object ,,
"Apex.Ai, Inc.",AVT051,3/16/2018,2T2BGMCA2HC016195,No,Yes,Test Driver,Street,False positive sensor object ,,
"Apex.Ai, Inc.",AVT051,3/16/2018,2T2BGMCA2HC016195,No,Yes,Test Driver,Street,Deficiency of sensor set ,,
"Apex.Ai, Inc.",AVT051,3/19/2018,2T2BGMCA2HC016195,No,Yes,Test Driver,Street,Reckless driving of other traffic participant ,,
"Apex.Ai, Inc.",AVT051,3/19/2018,2T2BGMCA2HC016195,No,Yes,Test Driver,Street,False positive sensor object ,,
"Apex.Ai, Inc.",AVT051,3/19/2018,2T2BGMCA2HC016195,No,Yes,Test Driver,Street,Algorithmic deficiency in tracking module,,
"Apex.Ai, Inc.",AVT051,3/19/2018,2T2BGMCA2HC016195,No,Yes,Test Driver,Street,Algorithmic deficiency in tracking module,,
"Apex.Ai, Inc.",AVT051,3/19/2018,2T2BGMCA2HC016195,No,Yes,Test Driver,Street,Reckless driving of other traffic participant ,,
"Apex.Ai, Inc.",AVT051,3/20/2018,2T2BGMCA2HC016195,No,Yes,Test Driver,Street,False positive sensor object ,,
"Apex.Ai, Inc.",AVT051,3/20/2018,2T2BGMCA2HC016195,No,Yes,Test Driver,Street,False positive sensor object ,,
"Apex.Ai, Inc.",AVT051,3/26/2018,2T2BGMCA2HC016195,No,Yes,Test Driver,Street,Algorithmic deficiency in tracking module,,
"Apex.Ai, Inc.",AVT051,3/27/2018,2T2BGMCA2HC016195,No,Yes,Test Driver,Street,Algorithmic deficiency in tracking module,,
"Apex.Ai, Inc.",AVT051,3/27/2018,2T2BGMCA2HC016195,No,Yes,Test Driver,Street,Algorithmic deficiency in tracking module,,
"Apex.Ai, Inc.",AVT051,3/28/2018,2T2BGMCA2HC016195,No,Yes,Test Driver,Street,Reckless driving of other traffic participant ,,
"Apex.Ai, Inc.",AVT051,3/29/2018,2T2BGMCA2HC016195,No,Yes,Test Driver,Street, Reckless driving of other traffic participant,,
"Apex.Ai, Inc.",AVT051,4/4/2018,2T2BGMCA2HC016195,No,Yes,Test Driver,Street,Deficiency of sensor set ,,
"Apex.Ai, Inc.",AVT051,4/4/2018,2T2BGMCA2HC016195,No,Yes,Test Driver,Street,Reckless driving of other traffic participant ,,
"Apex.Ai, Inc.",AVT051,4/5/2018,2T2BGMCA2HC016195,No,Yes,Test Driver,Street,Reckless driving of other traffic participant ,,
"Apex.Ai, Inc.",AVT051,4/6/2018,2T2BGMCA2HC016195,No,Yes,Test Driver,Street,Reckless driving of other traffic participant ,,
"Apex.Ai, Inc.",AVT051,4/6/2018,2T2BGMCA2HC016195,No,Yes,Test Driver,Street,Algorithmic deficiency in tracking module,,
"Apex.Ai, Inc.",AVT051,4/6/2018,2T2BGMCA2HC016195,No,Yes,Test Driver,Street,Algorithmic deficiency in tracking module,,
"Apex.Ai, Inc.",AVT051,4/6/2018,2T2BGMCA2HC016195,No,Yes,Test Driver,Street,Algorithmic deficiency in tracking module,,
"Apex.Ai, Inc.",AVT051,4/6/2018,2T2BGMCA2HC016195,No,Yes,Test Driver,Street,Algorithmic deficiency in tracking module,,
"Apex.Ai, Inc.",AVT051,4/9/2018,2T2BGMCA2HC016195,No,Yes,Test Driver,Street,Reckless driving of other traffic participant ,,
"Apex.Ai, Inc.",AVT051,4/9/2018,2T2BGMCA2HC016195,No,Yes,Test Driver,Street,Algorithmic deficiency in tracking module,,
"Apex.Ai, Inc.",AVT051,4/13/2018,2T2BGMCA2HC016195,No,Yes,Test Driver,Street,Algorithmic deficiency in tracking module,,
"Apex.Ai, Inc.",AVT051,4/19/2018,2T2BGMCA2HC016195,No,Yes,Test Driver,Street,Reckless driving of other traffic participant ,,
"Apex.Ai, Inc.",AVT051,4/26/2018,2T2BGMCA2HC016195,No,Yes,Test Driver,Street,Reckless driving of other traffic participant ,,
"Apex.Ai, Inc.",AVT051,5/1/2018,2T2BGMCA2HC016195,No,Yes,Test Driver,Street,False positive sensor object ,,
"Apex.Ai, Inc.",AVT051,5/1/2018,2T2BGMCA2HC016195,No,Yes,Test Driver,Street,Reckless driving of other traffic participant,,
"Apex.Ai, Inc.",AVT051,5/1/2018,2T2BGMCA2HC016195,No,Yes,Test Driver,Street,Deficiency of sensor set ,,
"Apex.Ai, Inc.",AVT051,5/3/2018,2T2BGMCA2HC016195,No,Yes,Test Driver,Street,Deficiency of sensor set ,,
"Apex.Ai, Inc.",AVT051,5/7/2018,2T2BGMCA2HC016195,No,Yes,Test Driver,Street,Reckless driving of other traffic participant ,,
"Apex.Ai, Inc.",AVT051,5/14/2018,2T2BGMCA2HC016195,No,Yes,Test Driver,Street,Deficiency of sensor set ,,
"Apex.Ai, Inc.",AVT051,5/14/2018,2T2BGMCA2HC016195,No,Yes,Test Driver,Street,Reckless driving of other traffic participant ,,
"Apex.Ai, Inc.",AVT051,5/17/2018,2T2BGMCA2HC016195,No,Yes,Test Driver,Street,Algorithmic deficiency in tracking module,,
"Apex.Ai, Inc.",AVT051,5/18/2018,2T2BGMCA2HC016195,No,Yes,Test Driver,Street,Deficiency of sensor set ,,
"Apex.Ai, Inc.",AVT051,5/26/2018,2T2BGMCA2HC016195,No,Yes,Test Driver,Street,Reckless driving of other traffic participant ,,
"Apex.Ai, Inc.",AVT051,6/5/2018,2T2BGMCA2HC016195,No,Yes,Test Driver,Street,Deficiency of sensor set ,,
"Apex.Ai, Inc.",AVT051,8/13/2018,2T2BGMCA2HC016195,No,Yes,Test Driver,Street,Deficiency of sensor set ,,
"Apex.Ai, Inc.",AVT051,8/28/2018,2T2BGMCA2HC016195,No,Yes,Test Driver,Street,Deficiency of sensor set ,,
"Apex.Ai, Inc.",AVT051,8/30/2018,2T2BGMCA2HC016195,No,Yes,Test Driver,Street,Deficiency of sensor set ,,
"Apex.Ai, Inc.",AVT051,9/11/2018,2T2BGMCA2HC016195,No,Yes,Test Driver,Street,Reckless driving of other traffic participant ,,
"Apex.Ai, Inc.",AVT051,9/21/2018,2T2BGMCA2HC016195,No,Yes,Test Driver,Street,Deficiency of sensor set ,,
"Apex.Ai, Inc.",AVT051,10/16/2018,2T2BGMCA2HC016195,No,Yes,Test Driver,Street,Reckless driving of other traffic participant,,
"Apex.Ai, Inc.",AVT051,10/18/2018,2T2BGMCA2HC016195,No,Yes,Test Driver,Street,Deficiency of sensor set ,,
"Apex.Ai, Inc.",AVT051,10/23/2018,2T2BGMCA2HC016195,No,Yes,Test Driver,Street,Deficiency of sensor set ,,
"Apex.Ai, Inc.",AVT051,10/26/2018,2T2BGMCA2HC016195,No,Yes,Test Driver,Street,Deficiency of sensor set ,,
"Apex.Ai, Inc.",AVT051,11/28/2018,2T2BGMCA2HC016195,No,Yes,Test Driver,Street,Deficiency of sensor set ,,
Box Bot Inc.,AVT057,10/26/2018,52CG2DGA3J5017985,Yes,Yes,Test Driver,Street,"Car wasn't going through stop sign, so driver took over",,
Box Bot Inc.,AVT057,10/26/2018,52CG2DGA3J5017985,Yes,Yes,Test Driver,Street,Driver took over when opposing traffic didn't stop at stop sign,,
Box Bot Inc.,AVT057,10/26/2018,52CG2DGA3J5017985,Yes,Yes,Test Driver,Street,Need to manually drive around car stopped in lane,,
Box Bot Inc.,AVT057,11/9/2018,52CG2DGA3J5017985,Yes,Yes,Test Driver,Street,Driver took over after bad localization due to GPS,,
Box Bot Inc.,AVT057,11/9/2018,52CG2DGA3J5017985,Yes,Yes,Test Driver,Street,Took right turn too closely and got close to parked cars,,
Box Bot Inc.,AVT057,11/9/2018,52CG2DGA3J5017985,Yes,Yes,Test Driver,Street,Got too close to cars parked on the right,,
Box Bot Inc.,AVT057,11/9/2018,52CG2DGA3J5017985,Yes,Yes,Test Driver,Street,Car was oscillating back and forth so driver took over,,
Box Bot Inc.,AVT057,11/9/2018,52CG2DGA3J5017985,Yes,Yes,Test Driver,Street,Took right turn too closely and got close to parked cars,,
Box Bot Inc.,AVT057,11/9/2018,52CG2DGA3J5017985,Yes,Yes,Test Driver,Street,Car was oscillating back and forth so driver took over,,
Box Bot Inc.,AVT057,11/10/2018,52CG2DGA3J5017985,Yes,Yes,Test Driver,Street,Need to manually drive around car stopped in lane,,
Box Bot Inc.,AVT057,11/10/2018,52CG2DGA3J5017985,Yes,Yes,Test Driver,Street,Driver took over when taking a corner came close to parked car,,
Box Bot Inc.,AVT057,11/10/2018,52CG2DGA3J5017985,Yes,Yes,Test Driver,Street,Getting too close to cars parked on right side,,
Box Bot Inc.,AVT057,11/10/2018,52CG2DGA3J5017985,Yes,Yes,Test Driver,Street,Took turn too tight and driver took over,,
Box Bot Inc.,AVT057,11/10/2018,52CG2DGA3J5017985,Yes,Yes,Test Driver,Street,Car was taking a right turn too tightly and driver took over,,
Box Bot Inc.,AVT057,11/10/2018,52CG2DGA3J5017985,Yes,Yes,Test Driver,Street,Car was taking a right turn too tightly and driver took over,,
Box Bot Inc.,AVT057,11/10/2018,52CG2DGA3J5017985,Yes,Yes,Test Driver,Street,Driver took over when car was making a right turn too tightly,,
Box Bot Inc.,AVT057,11/10/2018,52CG2DGA3J5017985,Yes,Yes,Test Driver,Street,Driver took over when it was stopped at stop sign for a long time,,
Box Bot Inc.,AVT057,11/11/2018,52CG2DGA3J5017985,Yes,Yes,Test Driver,Street,Driver took over to ensure it stopped for car that ran stop sign,,
Box Bot Inc.,AVT057,11/11/2018,52CG2DGA3J5017985,Yes,Yes,AV System,Street,Kicked out of autonomous mode for starting too close to a parked car,,
Box Bot Inc.,AVT057,11/11/2018,52CG2DGA3J5017985,Yes,Yes,Test Driver,Street,Driver took over because car behind was passing in a non-passing zone,,
Box Bot Inc.,AVT057,11/11/2018,52CG2DGA3J5017985,Yes,Yes,Test Driver,Street,Need to manually drive around car stopped in lane,,
Box Bot Inc.,AVT057,11/11/2018,52CG2DGA3J5017985,Yes,Yes,Test Driver,Street,Driver took over after bad localization due to GPS,,
Box Bot Inc.,AVT057,11/12/2018,52CG2DGA3J5017985,Yes,Yes,Test Driver,Street,Driver took over because car was waiting too long at stop sign in traffic,,
Box Bot Inc.,AVT057,11/12/2018,52CG2DGA3J5017985,Yes,Yes,Test Driver,Street,Need to manually drive around car stopped in lane,,
Box Bot Inc.,AVT057,11/12/2018,52CG2DGA3J5017985,Yes,Yes,Test Driver,Street,Getting too close to cars parked on right side,,
Box Bot Inc.,AVT057,11/12/2018,52CG2DGA3J5017985,Yes,Yes,Test Driver,Street,Getting too close to cars parked on right side,,
Box Bot Inc.,AVT057,11/12/2018,52CG2DGA3J5017985,Yes,Yes,Test Driver,Street,Need to manually drive around car stopped in lane,,
Box Bot Inc.,AVT057,11/12/2018,52CG2DGA3J5017985,Yes,Yes,Test Driver,Street,Getting too close to cars parked on right side,,
Box Bot Inc.,AVT057,11/12/2018,52CG2DGA3J5017985,Yes,Yes,Test Driver,Street,Took right turn too closely and got close to parked cars,,
Box Bot Inc.,AVT057,11/12/2018,52CG2DGA3J5017985,Yes,Yes,Test Driver,Street,Took right turn too closely and got close to parked cars,,
Box Bot Inc.,AVT057,11/12/2018,52CG2DGA3J5017985,Yes,Yes,Test Driver,Street,Took right turn too closely and got close to parked cars,,
Box Bot Inc.,AVT057,11/12/2018,52CG2DGA3J5017985,Yes,Yes,Test Driver,Street,Need to manually drive around car stopped in lane,,
Box Bot Inc.,AVT057,11/12/2018,52CG2DGA3J5017985,Yes,Yes,Test Driver,Street,Driver took over to make unprotected left turn,,
Box Bot Inc.,AVT057,11/13/2018,52CG2DGA3J5017985,Yes,Yes,Test Driver,Street,Driver took over to ensure vehicle stopped for pedestrians in a crosswalk,,
Box Bot Inc.,AVT057,11/13/2018,52CG2DGA3J5017985,Yes,Yes,Test Driver,Street,Getting too close to cars parked on right side,,
Box Bot Inc.,AVT057,11/13/2018,52CG2DGA3J5017985,Yes,Yes,Test Driver,Street,"Didn't detect traffic light properly, so driver took over",,
Box Bot Inc.,AVT057,11/13/2018,52CG2DGA3J5017985,Yes,Yes,Test Driver,Street,Vehicle was oscillating back and forth and driver took over,,
Box Bot Inc.,AVT057,11/13/2018,52CG2DGA3J5017985,Yes,Yes,Test Driver,Street,Vehicle was oscillating back and forth and driver took over,,
Box Bot Inc.,AVT057,11/13/2018,52CG2DGA3J5017985,Yes,Yes,Test Driver,Street,Stopped to ensure would not hit pedestrian at a stop sign,,
Box Bot Inc.,AVT057,11/13/2018,52CG2DGA3J5017985,Yes,Yes,Test Driver,Street,Vehicle was oscillating back and forth and driver took over,,
Box Bot Inc.,AVT057,11/13/2018,52CG2DGA3J5017985,Yes,Yes,Test Driver,Street,Driver took over when car wasn't going on green light,,
Box Bot Inc.,AVT057,11/13/2018,52CG2DGA3J5017985,Yes,Yes,Test Driver,Street,Driver took over when car got close to parked cars on the right,,
Box Bot Inc.,AVT057,11/13/2018,52CG2DGA3J5017985,Yes,Yes,Test Driver,Street,Drivier took over when car was stopped at a green light,,
Box Bot Inc.,AVT057,11/14/2018,52CG2DGA3J5017985,Yes,Yes,Test Driver,Street,Driver manually took over to ensure stopping for jaywalking pedestrians,,
Box Bot Inc.,AVT057,9/27/2019,52CG2DGAXJ5017983,Yes,Yes,Test Driver,Street,Driver took over at yellow light to ensure car would stop,,
Box Bot Inc.,AVT057,9/27/2019,52CG2DGAXJ5017983,Yes,Yes,Test Driver,Street,"Didn't detect traffic light properly, so driver took over",,
Box Bot Inc.,AVT057,9/27/2019,52CG2DGAXJ5017983,Yes,Yes,Test Driver,Street,Need to manually drive around car stopped in lane,,
Box Bot Inc.,AVT057,9/27/2019,52CG2DGAXJ5017983,Yes,Yes,Test Driver,Street,Driver took over to make manual lane change,,
Box Bot Inc.,AVT057,9/27/2019,52CG2DGAXJ5017983,Yes,Yes,Test Driver,Street,Driver took over due to phantom detection of obstacle,,
Box Bot Inc.,AVT057,9/27/2019,52CG2DGAXJ5017983,Yes,Yes,Test Driver,Street,Driver took over to make manual lane change,,
Box Bot Inc.,AVT057,10/2/2019,52CG2DGAXJ5017983,Yes,Yes,Test Driver,Street,Driver took over when car moved into its lane,,
Box Bot Inc.,AVT057,10/2/2019,52CG2DGAXJ5017983,Yes,Yes,Test Driver,Street,Need to manually drive around car stopped in lane,,
Box Bot Inc.,AVT057,10/04/2019,52CG2DGAXJ5017983,Yes,Yes,Test Driver,Street,Driver took over to make manual lane change,,
Box Bot Inc.,AVT057,10/4/2019,52CG2DGAXJ5017983,Yes,Yes,Test Driver,Street,Driver took over after car cut into lane,,
Box Bot Inc.,AVT057,10/29/2019,52CG2DGAXJ5017983,Yes,Yes,Test Driver,Street,Bad localization caused by bad GPS,,
Box Bot Inc.,AVT057,10/29/2019,52CG2DGAXJ5017983,Yes,Yes,Test Driver,Street,Bad localization caused by bad GPS,,
Box Bot Inc.,AVT057,10/29/2019,52CG2DGAXJ5017983,Yes,Yes,Test Driver,Street,Need to manually drive around car stopped in lane,,
Box Bot Inc.,AVT057,10/29/2019,52CG2DGAXJ5017983,Yes,Yes,Test Driver,Street,Need to manually drive around car stopped in lane,,
Box Bot Inc.,AVT057,10/29/2019,52CG2DGAXJ5017983,Yes,Yes,Test Driver,Street,Driver manually stopped car because it was deemed to not be stopping fast enough at light,,
Box Bot Inc.,AVT057,10/29/2019,52CG2DGAXJ5017983,Yes,Yes,Test Driver,Street,Driver took over to make manual lane change,,
Box Bot Inc.,AVT057,10/29/2019,52CG2DGAXJ5017983,Yes,Yes,Test Driver,Street,Driver took over when it was slow to respond to a green light,,
Box Bot Inc.,AVT057,10/29/2019,52CG2DGAXJ5017983,Yes,Yes,Test Driver,Street,Driver took over when car in front changed into lane just in front of vehicle,,
Box Bot Inc.,AVT057,10/29/2019,52CG2DGAXJ5017983,Yes,Yes,Test Driver,Street,Need to manually drive around car stopped in lane,,
Box Bot Inc.,AVT057,10/29/2019,52CG2DGAXJ5017983,Yes,Yes,Test Driver,Street,Driver took over to make manual lane change,,
Box Bot Inc.,AVT057,10/29/2019,52CG2DGAXJ5017983,Yes,Yes,Test Driver,Street,Need to manually drive around car stopped in lane,,
Box Bot Inc.,AVT057,10/30/2019,52CG2DGAXJ5017983,Yes,Yes,Test Driver,Street,Driver took over to make manual lane change,,
Box Bot Inc.,AVT057,10/30/2019,52CG2DGAXJ5017983,Yes,Yes,Test Driver,Street,Need to manually drive around car stopped in lane,,
Box Bot Inc.,AVT057,10/30/2019,52CG2DGAXJ5017983,Yes,Yes,Test Driver,Street,Driver took over when getting close to parked cars on right,,
Box Bot Inc.,AVT057,10/30/2019,52CG2DGAXJ5017983,Yes,Yes,Test Driver,Street,Driver took over to make manual lane change,,
Box Bot Inc.,AVT057,10/30/2019,52CG2DGAXJ5017983,Yes,Yes,Test Driver,Street,Driver took over to ensure pedestrian was able to cross street,,
Box Bot Inc.,AVT057,10/30/2019,52CG2DGAXJ5017983,Yes,Yes,Test Driver,Street,Driver took over to make manual lane change,,
Box Bot Inc.,AVT057,10/31/2019,52CG2DGAXJ5017983,Yes,Yes,Test Driver,Street,Driver took over to make manual lane change,,
Box Bot Inc.,AVT057,10/31/2019,52CG2DGAXJ5017983,Yes,Yes,Test Driver,Street,Getting too close to cars parked on right side,,
Box Bot Inc.,AVT057,10/31/2019,52CG2DGAXJ5017983,Yes,Yes,Test Driver,Street,Driver took over for unprotected left turn,,
Box Bot Inc.,AVT057,10/31/2019,52CG2DGAXJ5017983,Yes,Yes,Test Driver,Street,Driver took over to when cross traffic was getting close at intersection,,
Box Bot Inc.,AVT057,11/6/2019,52CG2DGAXJ5017983,Yes,Yes,Test Driver,Street,Driver took over to ensure vehicle stopped in time for pedestrians,,
Box Bot Inc.,AVT057,11/6/2019,52CG2DGAXJ5017983,Yes,Yes,Test Driver,Street,Driver took over when vehicle was getting very close to vehicle in front of it at stop light,,
Box Bot Inc.,AVT057,11/6/2019,52CG2DGAXJ5017983,Yes,Yes,Test Driver,Street,Car partially parked in lane.  Driver had to drive around.,,
Box Bot Inc.,AVT057,11/6/2019,52CG2DGAXJ5017983,Yes,Yes,Test Driver,Street,Misdetection of traffic light.  Driver took over.,,
Box Bot Inc.,AVT057,11/6/2019,52CG2DGAXJ5017983,Yes,Yes,Test Driver,Street,Driver took over to ensure it wouldn't rearend car that randomly stopped.,,
Box Bot Inc.,AVT057,11/6/2019,52CG2DGAXJ5017983,Yes,Yes,Test Driver,Street,Detected a phantom obstacle that the driver had to drive around,,
Box Bot Inc.,AVT057,11/6/2019,52CG2DGAXJ5017983,Yes,Yes,Test Driver,Street,Need to manually drive around car stopped in lane,,
Box Bot Inc.,AVT057,11/6/2019,52CG2DGAXJ5017983,Yes,Yes,Test Driver,Street,Driver took over to make manual lane change,,
Box Bot Inc.,AVT057,11/6/2019,52CG2DGAXJ5017983,Yes,Yes,Test Driver,Street,Driver took over when it was getting close to the car in front when stopping,,
Box Bot Inc.,AVT057,11/9/2019,52CG2DGAXJ5017983,Yes,Yes,Test Driver,Street,Need to manually drive around car stopped in lane,,
Box Bot Inc.,AVT057,11/14/2019,52CG2DGAXJ5017983,Yes,Yes,Test Driver,Street,Driver took over to make manual lane change,,
Box Bot Inc.,AVT057,11/14/2019,52CG2DGAXJ5017983,Yes,Yes,Test Driver,Street,Need to manually drive around car stopped in lane,,
Box Bot Inc.,AVT057,11/14/2019,52CG2DGAXJ5017983,Yes,Yes,Test Driver,Street,Need to manually drive around car stopped in lane,,
Box Bot Inc.,AVT057,11/14/2019,52CG2DGAXJ5017983,Yes,Yes,Test Driver,Street,Driver took over to make manual lane change,,
Box Bot Inc.,AVT057,11/14/2019,52CG2DGAXJ5017983,Yes,Yes,Test Driver,Street,Driver took over to avoid car that didn't stop at light,,
Box Bot Inc.,AVT057,11/14/2019,52CG2DGAXJ5017983,Yes,Yes,Test Driver,Street,Took a left turn too wide and the driver took over,,
Box Bot Inc.,AVT057,11/14/2019,52CG2DGAXJ5017983,Yes,Yes,Test Driver,Street,Need to manually drive around car stopped in lane,,
Box Bot Inc.,AVT057,11/14/2019,52CG2DGAXJ5017983,Yes,Yes,Test Driver,Street,Detected a phantom obstacle that the driver had to drive around,,
Box Bot Inc.,AVT057,11/14/2019,52CG2DGAXJ5017983,Yes,Yes,Test Driver,Street,Driver took over when the car wasn't going through a green light,,
Box Bot Inc.,AVT057,11/15/2019,52CG2DGAXJ5017983,Yes,Yes,Test Driver,Street,Poor traffic light detection,,
Box Bot Inc.,AVT057,11/15/2019,52CG2DGAXJ5017983,Yes,Yes,Test Driver,Street,Poor pedestrian detection,,
Box Bot Inc.,AVT057,11/15/2019,52CG2DGAXJ5017983,Yes,Yes,Test Driver,Street,Driver took over after car stopped for phantom obstacle,,
Box Bot Inc.,AVT057,11/15/2019,52CG2DGAXJ5017983,Yes,Yes,Test Driver,Street,Driver took over to make manual lane change,,
Box Bot Inc.,AVT057,11/15/2019,52CG2DGAXJ5017983,Yes,Yes,Test Driver,Street,Car didn't properly detect green light. Driver took over to drive through.,,
Box Bot Inc.,AVT057,11/15/2019,52CG2DGAXJ5017983,Yes,Yes,Test Driver,Street,Need to manually drive around truck stopped in lane,,
Box Bot Inc.,AVT057,11/15/2019,52CG2DGAXJ5017983,Yes,Yes,Test Driver,Street,Driver took over to make manual lane change,,
Box Bot Inc.,AVT057,11/15/2019,52CG2DGAXJ5017983,Yes,Yes,Test Driver,Street,Driver took over because a car making a right turn at the light was getting close,,
Box Bot Inc.,AVT057,11/19/2019,52CG2DGAXJ5017983,Yes,Yes,Test Driver,Street,Misdetected parked car as being in lane.  Driver had to drive around it.,,
Box Bot Inc.,AVT057,11/19/2019,52CG2DGAXJ5017983,Yes,Yes,Test Driver,Street,Need to manually drive around car stopped in lane,,
Box Bot Inc.,AVT057,11/19/2019,52CG2DGAXJ5017983,Yes,Yes,Test Driver,Street,Driver took over to make manual lane change,,
Box Bot Inc.,AVT057,11/19/2019,52CG2DGAXJ5017983,Yes,Yes,Test Driver,Street,Driver took over to make manual lane change,,
Box Bot Inc.,AVT057,11/19/2019,52CG2DGAXJ5017983,Yes,Yes,Test Driver,Street,Driver took over to make manual lane change,,
Box Bot Inc.,AVT057,11/19/2019,52CG2DGAXJ5017983,Yes,Yes,Test Driver,Street,Need to manually drive around car stopped in lane,,
Box Bot Inc.,AVT057,11/19/2019,52CG2DGAXJ5017983,Yes,Yes,Test Driver,Street,Took a left turn too sharply and the driver took over,,
"DiDi Research America, LLC",AVT055,6/6/2019,3LN6L5MU3JR619538,No,Yes,Test Driver,Street,Disengagement due to missed detection of lead vehicle.,,
"DiDi Research America, LLC",AVT055,6/17/2019,3LN6L5MU3JR619538,No,Yes,Test Driver,Street,Disengagement due to inadequate yield while attempting to make a run turn.,,
"DiDi Research America, LLC",AVT055,6/24/2019,3LN6L5MU3JR619538,No,Yes,Test Driver,Street,Disengagement due to missed detection of pedestrian running across crosswalk.,,
"DiDi Research America, LLC",AVT055,7/2/2019,3LN6L5MU7JR611619,No,Yes,Test Driver,Street,Disengagement due to undesired vehicle maneuver (inadequate yield to pedestrians in crosswalk).,,
"DiDi Research America, LLC",AVT055,7/12/2019,3LN6L5MU3JR619538,No,Yes,Test Driver,Street,Disengagement due to undesired vehicle maneuver (inadequate yield to roller skating pedestrian).,,
"DiDi Research America, LLC",AVT055,7/17/2019,3LN6L5MU5JR618049,No,Yes,Test Driver,Street,Disengagement due to perception discrepancy on pedestrian crossing with an umbrella.,,
"DiDi Research America, LLC",AVT055,9/11/2019,3LN6L5MU1JR609431,No,Yes,Test Driver,Street,Disengagement due to undesired vehicle maneuver (inadequate yield to oncoming traffic while making a right turn).,,
"DiDi Research America, LLC",AVT055,10/23/2019,3LN6L5MU3JR619538,No,Yes,Test Driver,Street,Disengagement due to undesired vehicle maneuver (inadequate yield to pedestrian in crosswalk).,,
Gatik AI Inc.,AVT054,10/11/2018,52CG2DGA7J0017503,No,Yes,Test Driver,Street,Perception discrepancy, On city road in light traffic with clear sky during dusk,
Gatik AI Inc.,AVT054,10/22/2018,52CG2DGA7J0017503,No,Yes,Test Driver,Street,Perception discrepancy, On city road in heavy traffic with cloudy sky during day,
Gatik AI Inc.,AVT054,11/06/2018,52CG2DGA7J0017503,No,Yes,AV System,Street,Hardware discrepancy or system fault, On city road in heavy traffic with clear sky during day,
Gatik AI Inc.,AVT054,11/29/2018,52CG2DGA7J0017503,No,Yes,Test Driver,Street,Perception discrepancy, On city road in light traffic with light rain during day,
Gatik AI Inc.,AVT054,12/15/2018,52CG2DGA7J0017503,No,Yes,Test Driver,Street,Motion/Behaviour planning discrepancy, On city road in heavy traffic with clear sky during day,
Gatik AI Inc.,AVT054,12/20/2018,52CG2DGA7J0017503,No,Yes,Test Driver,Street,Motion/Behaviour planning discrepancy, On city road in heavy traffic with cloudy sky during day,
Gatik AI Inc.,AVT054,12/20/2018,52CG2DGA7J0017503,No,Yes,Test Driver,Street,Perception discrepancy, On city road in heavy traffic with cloudy sky during day,
Gatik AI Inc.,AVT054,01/10/2019,52CG2DGA7J0017503,No,Yes,Test Driver,Street,Reckless Agent/Road User, Prediction discrepancy, On city road in heavy traffic with clear sky during dusk
Gatik AI Inc.,AVT054,01/12/2019,52CG2DGA7J0017503,No,Yes,Test Driver,Street,Motion/Behaviour planning discrepancy, On city road in moderate traffic with clear sky during day,
Gatik AI Inc.,AVT054,02/05/2019,52CG2DGA7J0017503,No,Yes,AV System,Street,Hardware discrepancy or system fault, On city road in moderate traffic with clear sky during night,
Gatik AI Inc.,AVT054,02/18/2019,52CG2DGA7J0017503,No,Yes,Test Driver,Street,Perception discrepancy, On city road in moderate traffic with clear sky during night,
Gatik AI Inc.,AVT054,03/02/2019,52CG2DGA7J0017503,No,Yes,Test Driver,Street,Motion/Behaviour planning discrepancy, On city road in heavy traffic with clear sky during dusk,
Gatik AI Inc.,AVT054,03/20/2019,52CG2DGA7J0017503,No,Yes,Test Driver,Street,Motion/Behaviour planning discrepancy, On city road in moderate traffic with light rain during day,
Gatik AI Inc.,AVT054,03/22/2019,52CG2DGA7J0017503,No,Yes,Test Driver,Street,Perception discrepancy, On city road in light traffic with light rain during day,
Gatik AI Inc.,AVT054,04/02/2019,52CG2DGA7J0017503,No,Yes,Test Driver,Street,Motion/Behaviour planning discrepancy, On city road in heavy traffic with cloudy sky during day,
Gatik AI Inc.,AVT054,04/26/2019,52CG2DGA7J0017503,No,Yes,Test Driver,Street,Motion/Behaviour planning discrepancy, On city road in heavy traffic with clear sky during day,
Gatik AI Inc.,AVT054,05/15/2019,52CG2DGA7J0017503,No,Yes,Test Driver,Street,Motion/Behaviour planning discrepancy, On city road in moderate traffic with light rain during day,
Gatik AI Inc.,AVT054,05/26/2019,52CG2DGA7J0017503,No,Yes,Test Driver,Street,Perception discrepancy, On city road in moderate traffic with cloudy sky during night,
Gatik AI Inc.,AVT054,08/23/2019,52CG2DGA7J0017503,No,Yes,Test Driver,Street,Motion/Behaviour planning discrepancy, On city road in heavy traffic with clear sky during dusk,
Gatik AI Inc.,AVT054,09/07/2019,52CG2DGA7J0017503,No,Yes,Test Driver,Street,Motion/Behaviour planning discrepancy, On city road in heavy traffic with clear sky during night,
Gatik AI Inc.,AVT054,10/05/2019,52CG2DGA7J0017503,No,Yes,Test Driver,Street,Perception discrepancy, On city road in heavy traffic with clear sky during dusk,
Gatik AI Inc.,AVT054,10/22/2019,52CG2DGA7J0017503,No,Yes,Test Driver,Street,Motion/Behaviour planning discrepancy, On city road in heavy traffic with clear sky during day,
Gatik AI Inc.,AVT054,11/09/2019,52CG2DGA7J0017503,No,Yes,Test Driver,Street,Motion/Behaviour planning discrepancy, On city road in heavy traffic with clear sky during day,
Gatik AI Inc.,AVT054,11/28/2019,52CG2DGA7J0017503,No,Yes,Test Driver,Street,Motion/Behaviour planning discrepancy, On city road in heavy traffic with cloudy sky during dusk,
Intel Corporation,AVT052,5/30/2018,3FA6P0LU4HR195512,Yes,Yes,Test Driver,Street,Map Discrepancy,,
Intel Corporation,AVT052,5/30/2018,3FA6P0LU4HR195512,Yes,Yes,Test Driver,Street,Map Discrepancy,,
Intel Corporation,AVT052,5/31/2018,3FA6P0LU4HR195512,Yes,Yes,Test Driver,Street,Software Discrepancy,,
Intel Corporation,AVT052,5/31/2018,3FA6P0LU4HR195512,Yes,Yes,Test Driver,Street,Software Discrepancy,,
Intel Corporation,AVT052,5/31/2018,3FA6P0LU4HR195512,Yes,Yes,Test Driver,Street,Software Discrepancy,,
Intel Corporation,AVT052,5/31/2018,3FA6P0LU4HR195512,Yes,Yes,Test Driver,Street,Software Discrepancy,,
Intel Corporation,AVT052,6/5/2018,3FA6P0LU4HR195512,Yes,Yes,Test Driver,Street,Software Discrepancy,,
Intel Corporation,AVT052,6/5/2018,3FA6P0LU4HR195512,Yes,Yes,Test Driver,Street,Software Discrepancy,,
Intel Corporation,AVT052,6/5/2018,3FA6P0LU4HR195512,Yes,Yes,Test Driver,Street,Software Discrepancy,,
Intel Corporation,AVT052,6/5/2018,3FA6P0LU4HR195512,Yes,Yes,Test Driver,Street,Software Discrepancy,,
Intel Corporation,AVT052,6/6/2018,3FA6P0LU4HR195512,Yes,Yes,Test Driver,Street,Other Road User,,
Intel Corporation,AVT052,6/6/2018,3FA6P0LU4HR195512,Yes,Yes,Test Driver,Street,Software Discrepancy,,
Intel Corporation,AVT052,6/6/2018,3FA6P0LU4HR195512,Yes,Yes,Test Driver,Street,Software Discrepancy,,
Intel Corporation,AVT052,6/6/2018,3FA6P0LU4HR195512,Yes,Yes,Test Driver,Street,Software Discrepancy,,
Intel Corporation,AVT052,6/6/2018,3FA6P0LU4HR195512,Yes,Yes,Test Driver,Street,Other Road User,,
Intel Corporation,AVT052,6/6/2018,3FA6P0LU4HR195512,Yes,Yes,Test Driver,Street,Map Discrepancy,,
Intel Corporation,AVT052,6/7/2018,3FA6P0LU4HR195512,Yes,Yes,Test Driver,Street,Software Discrepancy,,
Intel Corporation,AVT052,6/7/2018,3FA6P0LU4HR195512,Yes,Yes,Test Driver,Street,Software Discrepancy,,
Intel Corporation,AVT052,6/7/2018,3FA6P0LU4HR195512,Yes,Yes,Test Driver,Street,Software Discrepancy,,
Intel Corporation,AVT052,6/7/2018,3FA6P0LU4HR195512,Yes,Yes,Test Driver,Street,Software and Map Discrepancy,,
Intel Corporation,AVT052,6/7/2018,3FA6P0LU4HR195512,Yes,Yes,Test Driver,Street,Software and Map Discrepancy,,
Intel Corporation,AVT052,6/7/2018,3FA6P0LU4HR195512,Yes,Yes,Test Driver,Street,Software Discrepancy,,
Intel Corporation,AVT052,6/7/2018,3FA6P0LU4HR195512,Yes,Yes,Test Driver,Street,Software Discrepancy,,
Intel Corporation,AVT052,6/7/2018,3FA6P0LU4HR195512,Yes,Yes,Test Driver,Street,Software Discrepancy,,
Intel Corporation,AVT052,6/7/2018,3FA6P0LU4HR195512,Yes,Yes,Test Driver,Street,Software Discrepancy,,
Intel Corporation,AVT052,6/7/2018,3FA6P0LU4HR195512,Yes,Yes,Test Driver,Street,Software Discrepancy,,
Intel Corporation,AVT052,6/7/2018,3FA6P0LU4HR195512,Yes,Yes,Test Driver,Street,Map Discrepancy,,
Intel Corporation,AVT052,6/7/2018,3FA6P0LU4HR195512,Yes,Yes,Test Driver,Street,Software Discrepancy,,
Intel Corporation,AVT052,6/7/2018,3FA6P0LU4HR195512,Yes,Yes,Test Driver,Street,Software Discrepancy,,
Intel Corporation,AVT052,6/7/2018,3FA6P0LU4HR195512,Yes,Yes,Test Driver,Street,Map Discrepancy,,
Intel Corporation,AVT052,6/7/2018,3FA6P0LU4HR195512,Yes,Yes,Test Driver,Street,Software Discrepancy,,
Intel Corporation,AVT052,6/7/2018,3FA6P0LU4HR195512,Yes,Yes,Test Driver,Street,Software Discrepancy,,
Intel Corporation,AVT052,6/7/2018,3FA6P0LU4HR195512,Yes,Yes,Test Driver,Street,Software Discrepancy,,
Intel Corporation,AVT052,6/7/2018,3FA6P0LU4HR195512,Yes,Yes,Test Driver,Street,Software Discrepancy,,
Intel Corporation,AVT052,6/7/2018,3FA6P0LU4HR195512,Yes,Yes,Test Driver,Street,Map Discrepancy,,
Intel Corporation,AVT052,6/7/2018,3FA6P0LU4HR195512,Yes,Yes,Test Driver,Street,Software Discrepancy,,
Intel Corporation,AVT052,6/7/2018,3FA6P0LU4HR195512,Yes,Yes,Test Driver,Street,Software Discrepancy,,
Intel Corporation,AVT052,6/7/2018,3FA6P0LU4HR195512,Yes,Yes,Test Driver,Street,Map Discrepancy,,
Intel Corporation,AVT052,6/7/2018,3FA6P0LU4HR195512,Yes,Yes,Test Driver,Street,Software Discrepancy,,
Intel Corporation,AVT052,6/7/2018,3FA6P0LU4HR195512,Yes,Yes,Test Driver,Street,Software Discrepancy,,
Intel Corporation,AVT052,6/7/2018,3FA6P0LU4HR195512,Yes,Yes,Test Driver,Street,Software Discrepancy,,
Intel Corporation,AVT052,6/7/2018,3FA6P0LU4HR195512,Yes,Yes,Test Driver,Street,Software Discrepancy,,
Intel Corporation,AVT052,6/7/2018,3FA6P0LU4HR195512,Yes,Yes,Test Driver,Street,Map Discrepancy,,
Intel Corporation,AVT052,6/7/2018,3FA6P0LU4HR195512,Yes,Yes,Test Driver,Street,Software Discrepancy,,
Intel Corporation,AVT052,6/8/2018,3FA6P0LU4HR195512,Yes,Yes,Test Driver,Street,Software Discrepancy,,
Intel Corporation,AVT052,6/8/2018,3FA6P0LU4HR195512,Yes,Yes,Test Driver,Street,Software Discrepancy,,
Intel Corporation,AVT052,6/8/2018,3FA6P0LU4HR195512,Yes,Yes,Test Driver,Street,Software Discrepancy,,
Intel Corporation,AVT052,6/8/2018,3FA6P0LU4HR195512,Yes,Yes,Test Driver,Street,Software Discrepancy,,
Intel Corporation,AVT052,6/8/2018,3FA6P0LU4HR195512,Yes,Yes,Test Driver,Street,Software Discrepancy,,
Intel Corporation,AVT052,6/8/2018,3FA6P0LU4HR195512,Yes,Yes,Test Driver,Street,Software Discrepancy,,
Intel Corporation,AVT052,6/8/2018,3FA6P0LU4HR195512,Yes,Yes,Test Driver,Street,Software Discrepancy,,
Intel Corporation,AVT052,6/8/2018,3FA6P0LU4HR195512,Yes,Yes,Test Driver,Street,Software Discrepancy,,
Intel Corporation,AVT052,6/10/2018,3FA6P0LU4HR195512,Yes,Yes,Test Driver,Street,Software Discrepancy,,
Intel Corporation,AVT052,6/10/2018,3FA6P0LU4HR195512,Yes,Yes,Test Driver,Street,Software Discrepancy,,
Intel Corporation,AVT052,6/10/2018,3FA6P0LU4HR195512,Yes,Yes,Test Driver,Street,Software Discrepancy,,
Intel Corporation,AVT052,6/10/2018,3FA6P0LU4HR195512,Yes,Yes,Test Driver,Street,Software Discrepancy,,
Intel Corporation,AVT052,6/10/2018,3FA6P0LU4HR195512,Yes,Yes,Test Driver,Street,Map Discrepancy,,
Intel Corporation,AVT052,6/10/2018,3FA6P0LU4HR195512,Yes,Yes,Test Driver,Street,Software Discrepancy,,
Intel Corporation,AVT052,6/10/2018,3FA6P0LU4HR195512,Yes,Yes,Test Driver,Street,Software Discrepancy,,
Intel Corporation,AVT052,6/10/2018,3FA6P0LU4HR195512,Yes,Yes,Test Driver,Street,Map Discrepancy,,
Intel Corporation,AVT052,6/10/2018,3FA6P0LU4HR195512,Yes,Yes,Test Driver,Street,Software Discrepancy,,
Intel Corporation,AVT052,6/10/2018,3FA6P0LU4HR195512,Yes,Yes,Test Driver,Street,Software Discrepancy,,
Intel Corporation,AVT052,6/10/2018,3FA6P0LU4HR195512,Yes,Yes,Test Driver,Street,Software Discrepancy,,
Intel Corporation,AVT052,6/10/2018,3FA6P0LU4HR195512,Yes,Yes,Test Driver,Street,Software Discrepancy,,
Intel Corporation,AVT052,6/10/2018,3FA6P0LU4HR195512,Yes,Yes,Test Driver,Street,Software Discrepancy,,
Intel Corporation,AVT052,6/10/2018,3FA6P0LU4HR195512,Yes,Yes,Test Driver,Street,Software Discrepancy,,
Intel Corporation,AVT052,6/10/2018,3FA6P0LU4HR195512,Yes,Yes,Test Driver,Street,Software Discrepancy,,
Intel Corporation,AVT052,6/10/2018,3FA6P0LU4HR195512,Yes,Yes,Test Driver,Street,Software Discrepancy,,
Intel Corporation,AVT052,6/10/2018,3FA6P0LU4HR195512,Yes,Yes,Test Driver,Street,Software Discrepancy,,
Intel Corporation,AVT052,6/10/2018,3FA6P0LU4HR195512,Yes,Yes,Test Driver,Street,Software Discrepancy,,
Intel Corporation,AVT052,6/10/2018,3FA6P0LU4HR195512,Yes,Yes,Test Driver,Street,Software Discrepancy,,
Intel Corporation,AVT052,6/10/2018,3FA6P0LU4HR195512,Yes,Yes,Test Driver,Street,Map Discrepancy,,
Intel Corporation,AVT052,6/10/2018,3FA6P0LU4HR195512,Yes,Yes,Test Driver,Street,Software Discrepancy,,
Intel Corporation,AVT052,6/11/2018,3FA6P0LU4HR195512,Yes,Yes,Test Driver,Street,Software Discrepancy,,
Intel Corporation,AVT052,6/11/2018,3FA6P0LU4HR195512,Yes,Yes,Test Driver,Street,Software Discrepancy,,
Intel Corporation,AVT052,6/11/2018,3FA6P0LU4HR195512,Yes,Yes,Test Driver,Street,Software Discrepancy,,
Intel Corporation,AVT052,6/12/2018,3FA6P0LU4HR195512,Yes,Yes,Test Driver,Street,Software Discrepancy,,
Intel Corporation,AVT052,6/12/2018,3FA6P0LU4HR195512,Yes,Yes,Test Driver,Street,Software Discrepancy,,
Intel Corporation,AVT052,6/12/2018,3FA6P0LU4HR195512,Yes,Yes,Test Driver,Street,Software Discrepancy,,
Intel Corporation,AVT052,6/12/2018,3FA6P0LU4HR195512,Yes,Yes,Test Driver,Street,Software Discrepancy,,
Intel Corporation,AVT052,6/25/2018,3FA6P0LU4HR195512,Yes,Yes,Test Driver,Street,Software Discrepancy,,
Intel Corporation,AVT052,6/25/2018,3FA6P0LU4HR195512,Yes,Yes,Test Driver,Street,Software Discrepancy,,
Intel Corporation,AVT052,6/29/2018,3FA6P0LU4HR195512,Yes,Yes,Test Driver,Street,System Discrepancy,,
Intel Corporation,AVT052,7/10/2018,3FA6P0LU4HR195512,Yes,Yes,Test Driver,Street,Software Discrepancy,,
Intel Corporation,AVT052,7/10/2018,3FA6P0LU4HR195512,Yes,Yes,Test Driver,Street,Software Discrepancy,,
Intel Corporation,AVT052,7/11/2018,3FA6P0LU4HR195512,Yes,Yes,Test Driver,Street,Other Road User,,
Intel Corporation,AVT052,7/11/2018,3FA6P0LU4HR195512,Yes,Yes,Test Driver,Street,Software Discrepancy,,
Intel Corporation,AVT052,7/11/2018,3FA6P0LU4HR195512,Yes,Yes,Test Driver,Street,Software Discrepancy,,
Intel Corporation,AVT052,6/10/2018,3FA6P0LU4HR195512,Yes,Yes,Test Driver,Street,Software Discrepancy,,
Intel Corporation,AVT052,6/10/2018,3FA6P0LU4HR195512,Yes,Yes,Test Driver,Street,Software Discrepancy,,
Intel Corporation,AVT052,6/10/2018,3FA6P0LU4HR195512,Yes,Yes,Test Driver,Street,Software Discrepancy,,
Intel Corporation,AVT052,6/10/2018,3FA6P0LU4HR195512,Yes,Yes,Test Driver,Street,Map Discrepancy,,
Intel Corporation,AVT052,7/5/2018,3FA6P0LU4HR195512,Yes,Yes,Test Driver,Street,Software Discrepancy,,
Intel Corporation,AVT052,7/5/2018,3FA6P0LU4HR195512,Yes,Yes,Test Driver,Street,Software Discrepancy,,
Intel Corporation,AVT052,7/5/2018,3FA6P0LU4HR195512,Yes,Yes,Test Driver,Street,Software Discrepancy,,
Intel Corporation,AVT052,7/5/2018,3FA6P0LU4HR195512,Yes,Yes,Test Driver,Street,Software Discrepancy,,
Intel Corporation,AVT052,7/5/2018,3FA6P0LU4HR195512,Yes,Yes,Test Driver,Street,Software Discrepancy,,
Intel Corporation,AVT052,7/6/2018,3FA6P0LU4HR195512,Yes,Yes,Test Driver,Street,Software Discrepancy,,
Intel Corporation,AVT052,7/6/2018,3FA6P0LU4HR195512,Yes,Yes,Test Driver,Street,Software Discrepancy,,
Intel Corporation,AVT052,7/6/2018,3FA6P0LU4HR195512,Yes,Yes,Test Driver,Street,Software Discrepancy,,
Intel Corporation,AVT052,7/6/2018,3FA6P0LU4HR195512,Yes,Yes,Test Driver,Street,Software Discrepancy,,
Intel Corporation,AVT052,7/6/2018,3FA6P0LU4HR195512,Yes,Yes,Test Driver,Street,Software Discrepancy,,
Intel Corporation,AVT052,7/6/2018,3FA6P0LU4HR195512,Yes,Yes,Test Driver,Street,Software Discrepancy,,
Intel Corporation,AVT052,7/8/2018,3FA6P0LU4HR195512,Yes,Yes,Test Driver,Street,Software Discrepancy,,
Intel Corporation,AVT052,7/8/2018,3FA6P0LU4HR195512,Yes,Yes,Test Driver,Street,Software Discrepancy,,
Intel Corporation,AVT052,7/8/2018,3FA6P0LU4HR195512,Yes,Yes,Test Driver,Street,Software Discrepancy,,
Intel Corporation,AVT052,7/8/2018,3FA6P0LU4HR195512,Yes,Yes,Test Driver,Street,Software Discrepancy,,
Intel Corporation,AVT052,7/8/2018,3FA6P0LU4HR195512,Yes,Yes,Test Driver,Street,Software Discrepancy,,
Intel Corporation,AVT052,7/8/2018,3FA6P0LU4HR195512,Yes,Yes,Test Driver,Street,Software Discrepancy,,
Intel Corporation,AVT052,7/8/2018,3FA6P0LU4HR195512,Yes,Yes,Test Driver,Street,Software Discrepancy,,
Intel Corporation,AVT052,7/8/2018,3FA6P0LU4HR195512,Yes,Yes,Test Driver,Street,Software Discrepancy,,
Intel Corporation,AVT052,7/8/2018,3FA6P0LU4HR195512,Yes,Yes,Test Driver,Street,Software Discrepancy,,
Intel Corporation,AVT052,7/8/2018,3FA6P0LU4HR195512,Yes,Yes,Test Driver,Street,Software Discrepancy,,
Intel Corporation,AVT052,7/9/2018,3FA6P0LU4HR195512,Yes,Yes,Test Driver,Street,Software Discrepancy,,
Intel Corporation,AVT052,7/9/2018,3FA6P0LU4HR195512,Yes,Yes,Test Driver,Street,Software Discrepancy,,
Intel Corporation,AVT052,7/9/2018,3FA6P0LU4HR195512,Yes,Yes,Test Driver,Street,Software Discrepancy,,
Intel Corporation,AVT052,7/9/2018,3FA6P0LU4HR195512,Yes,Yes,Test Driver,Street,Software Discrepancy,,
Intel Corporation,AVT052,7/9/2018,3FA6P0LU4HR195512,Yes,Yes,Test Driver,Street,Software Discrepancy,,
Intel Corporation,AVT052,7/9/2018,3FA6P0LU4HR195512,Yes,Yes,Test Driver,Street,Software Discrepancy,,
Intel Corporation,AVT052,7/9/2018,3FA6P0LU4HR195512,Yes,Yes,Test Driver,Street,Software Discrepancy,,
Intel Corporation,AVT052,7/10/2018,3FA6P0LU4HR195512,Yes,Yes,Test Driver,Street,Software Discrepancy,,
Intel Corporation,AVT052,7/10/2018,3FA6P0LU4HR195512,Yes,Yes,Test Driver,Street,Software Discrepancy,,
Intel Corporation,AVT052,7/10/2018,3FA6P0LU4HR195512,Yes,Yes,Test Driver,Street,Software Discrepancy,,
Intel Corporation,AVT052,7/10/2018,3FA6P0LU4HR195512,Yes,Yes,Test Driver,Street,Software Discrepancy,,
Intel Corporation,AVT052,7/11/2018,3FA6P0LU4HR195512,Yes,Yes,Test Driver,Street,Software Discrepancy,,
Intel Corporation,AVT052,7/11/2018,3FA6P0LU4HR195512,Yes,Yes,Test Driver,Street,Software Discrepancy,,
Intel Corporation,AVT052,7/11/2018,3FA6P0LU4HR195512,Yes,Yes,Test Driver,Street,Software Discrepancy,,
Intel Corporation,AVT052,7/11/2018,3FA6P0LU4HR195512,Yes,Yes,Test Driver,Street,Software Discrepancy,,
Intel Corporation,AVT052,7/11/2018,3FA6P0LU4HR195512,Yes,Yes,Test Driver,Street,Software Discrepancy,,
Intel Corporation,AVT052,7/11/2018,3FA6P0LU4HR195512,Yes,Yes,Test Driver,Street,Map Discrepancy,,
Intel Corporation,AVT052,7/11/2018,3FA6P0LU4HR195512,Yes,Yes,Test Driver,Street,Software Discrepancy,,
Intel Corporation,AVT052,7/12/2018,3FA6P0LU4HR195512,Yes,Yes,Test Driver,Street,Software Discrepancy,,
Intel Corporation,AVT052,7/12/2018,3FA6P0LU4HR195512,Yes,Yes,Test Driver,Street,Software Discrepancy,,
Intel Corporation,AVT052,7/12/2018,3FA6P0LU4HR195512,Yes,Yes,Test Driver,Street,Software Discrepancy,,
Intel Corporation,AVT052,7/12/2018,3FA6P0LU4HR195512,Yes,Yes,Test Driver,Street,Software Discrepancy,,
Intel Corporation,AVT052,7/13/2018,3FA6P0LU4HR195512,Yes,Yes,Test Driver,Street,Software Discrepancy,,
Intel Corporation,AVT052,7/13/2018,3FA6P0LU4HR195512,Yes,Yes,Test Driver,Street,Software Discrepancy,,
Intel Corporation,AVT052,7/13/2018,3FA6P0LU4HR195512,Yes,Yes,Test Driver,Street,Map Discrepancy,,
Intel Corporation,AVT052,7/13/2018,3FA6P0LU4HR195512,Yes,Yes,Test Driver,Street,Software Discrepancy,,
Intel Corporation,AVT052,7/13/2018,3FA6P0LU4HR195512,Yes,Yes,Test Driver,Street,Software Discrepancy,,
Intel Corporation,AVT052,7/13/2018,3FA6P0LU4HR195512,Yes,Yes,Test Driver,Street,Software Discrepancy,,
Intel Corporation,AVT052,7/15/2018,3FA6P0LU4HR195512,Yes,Yes,Test Driver,Street,Software Discrepancy,,
Intel Corporation,AVT052,7/15/2018,3FA6P0LU4HR195512,Yes,Yes,Test Driver,Street,Software Discrepancy,,
Intel Corporation,AVT052,7/15/2018,3FA6P0LU4HR195512,Yes,Yes,Test Driver,Street,Software Discrepancy,,
Intel Corporation,AVT052,7/15/2018,3FA6P0LU4HR195512,Yes,Yes,Test Driver,Street,Software Discrepancy,,
Intel Corporation,AVT052,7/15/2018,3FA6P0LU4HR195512,Yes,Yes,Test Driver,Street,Map Discrepancy,,
Intel Corporation,AVT052,7/16/2018,3FA6P0LU4HR195512,Yes,Yes,Test Driver,Street,Software Discrepancy,,
Intel Corporation,AVT052,7/16/2018,3FA6P0LU4HR195512,Yes,Yes,Test Driver,Street,Software Discrepancy,,
Intel Corporation,AVT052,7/17/2018,3FA6P0LU4HR195512,Yes,Yes,Test Driver,Street,Software Discrepancy,,
Intel Corporation,AVT052,7/17/2018,3FA6P0LU4HR195512,Yes,Yes,Test Driver,Street,Software Discrepancy,,
Intel Corporation,AVT052,7/18/2018,3FA6P0LU4HR195512,Yes,Yes,Test Driver,Street,Software Discrepancy,,
Intel Corporation,AVT052,7/18/2018,3FA6P0LU4HR195512,Yes,Yes,Test Driver,Street,Software Discrepancy,,
Intel Corporation,AVT052,7/11/2018,3FA6P0LU4HR195512,Yes,Yes,Test Driver,Street,Software Discrepancy,,
Intel Corporation,AVT052,7/11/2018,3FA6P0LU4HR195512,Yes,Yes,Test Driver,Street,Software Discrepancy,,
Intel Corporation,AVT052,6/13/2018,3FA6P0LU8JR139380,Yes,Yes,Test Driver,Street,Software Discrepancy,,
Intel Corporation,AVT052,6/13/2018,3FA6P0LU8JR139380,Yes,Yes,Test Driver,Street,Software Discrepancy,,
Intel Corporation,AVT052,6/13/2018,3FA6P0LU8JR139380,Yes,Yes,Test Driver,Street,Software Discrepancy,,
Intel Corporation,AVT052,6/13/2018,3FA6P0LU8JR139380,Yes,Yes,Test Driver,Street,Other Road User,,
Intel Corporation,AVT052,7/16/2018,3FA6P0LU8JR139380,Yes,Yes,Test Driver,Street,Software Discrepancy,,
Intel Corporation,AVT052,7/16/2018,3FA6P0LU8JR139380,Yes,Yes,Test Driver,Street,System Discrepancy,,
Intel Corporation,AVT052,7/15/2018,3FA6P0LU0JR139384,Yes,Yes,Test Driver,Street,Other Road User,,
Intel Corporation,AVT052,7/16/2018,3FA6P0LU0JR139384,Yes,Yes,Test Driver,Street,Software Discrepancy,,
Intel Corporation,AVT052,7/17/2018,3FA6P0LU0JR139384,Yes,Yes,Test Driver,Street,Software Discrepancy,,
Intel Corporation,AVT052,7/18/2018,3FA6P0LU0JR139384,Yes,Yes,Test Driver,Street,Software Discrepancy,,
Intel Corporation,AVT052,7/18/2018,3FA6P0LU8JR139380,Yes,Yes,Test Driver,Street,Software Discrepancy,,
RIDECELL INC,AVT062,10/16/2019,3FA6P0RU5JR110979,No,Yes,Safety Driver,Street,Steering oscillations detected due to sensitive lateral controller calibration.  Safety Driver took over to drive manually.,,
RIDECELL INC,AVT062,10/16/2019,3FA6P0RU5JR110979,No,Yes,Safety Driver,Street,Steering oscillations detected due to sensitive lateral controller calibration.  Safety Driver took over to drive manually.,,
RIDECELL INC,AVT062,10/16/2019,3FA6P0RU5JR110979,No,Yes,Safety Driver,Street,Steering oscillations detected due to sensitive lateral controller calibration.  Safety Driver took over to drive manually.,,
RIDECELL INC,AVT062,10/16/2019,3FA6P0RU5JR110979,No,Yes,Safety Driver,Street,Safety Driver intervened for the convenience of a faster trailing vehicle behind the ego.  No fault in the AV system.,,
RIDECELL INC,AVT062,10/17/2019,3FA6P0RU5JR110979,No,Yes,Safety Driver,Street,Safety Driver intervened to avoid a squirrel running across the road.,,
RIDECELL INC,AVT062,10/18/2019,3FA6P0RU5JR110979,No,Yes,Safety Driver,Street,Safety Driver intervened for the convenience of a faster trailing vehicle behind the ego.  No fault in the AV system.,,
"ThorDrive, Inc.",AVT064,11/2/2019,1FMCU0GD4JUA98191,No,Yes,Test Driver, Downtown street,Vehicle parameter issue on the right turn.  Making too much hard right on the corner.,,
"ThorDrive, Inc.",AVT064,11/6/2019,1FMCU0GD4JUA98191,No,Yes,Test Driver, Downtown street,Incorrect behavior prediction of other participants on the unprotected left turn.,,
"ThorDrive, Inc.",AVT064,11/12/2019,1FMCU0GD4JUA98191,No,Yes,Test Driver, Downtown street,Incorrect behavior prediction of other participants on the unprotected left turn.,,
"ThorDrive, Inc.",AVT064,11/20/2019,1FMCU0GD4JUA98191,No,Yes,Test Driver, Downtown street,Perception error due to the occlusion on the corner.,,
"ThorDrive, Inc.",AVT064,11/26/2019,1FMCU0GD4JUA98191,No,Yes,Test Driver, Downtown street,Stop for the emergency vehicle.,,
"ThorDrive, Inc.",AVT064,12/1/2019,1FMCU0GD4JUA98191,No,Yes,Test Driver, Downtown street,Reckless driving road user that came from behind and cut in front of the autonomous vehicle.,,
"ThorDrive, Inc.",AVT064,12/4/2019,1FMCU0GD4JUA98191,No,Yes,Test Driver, Downtown street,Construction on the way.,,
"ThorDrive, Inc.",AVT064,12/14/2019,1FMCU0GD4JUA98191,No,Yes,Test Driver, Downtown street,Reckless driving road user that came from behind and cut in front of the autonomous vehicle.,,
"ThorDrive, Inc.",AVT064,12/24/2018,1FMCU0GD4JUA98191,No,Yes,Test Driver, Downtown street,Construction on the way.,,
"ThorDrive, Inc.",AVT064,12/25/2018,1FMCU0GD4JUA98191,No,Yes,Test Driver, Downtown street,Construction on the way.,,
"ThorDrive, Inc.",AVT064,1/4/2019,1FMCU0GD4JUA98191,No,Yes,Test Driver, Downtown street,Stop for the emergency vehicle.,,
"ThorDrive, Inc.",AVT064,1/10/2019,1FTYE1CM8JKA52066,No,Yes,Test Driver, Downtown street,Incorrect behavior prediction of a bicyclist.,,
"ThorDrive, Inc.",AVT064,1/11/2019,1FTYE1CM8JKA52066,No,Yes,Test Driver, Downtown street,A perception discrepancy due to incoming sensor data error,,
"ThorDrive, Inc.",AVT064,1/18/2019,1FMCU0GD4JUA98191,No,Yes,Test Driver, Downtown street,Incorrect behavior prediction of a bicyclist.,,
"ThorDrive, Inc.",AVT064,1/21/2019,1FMCU0GD4JUA98191,No,Yes,Test Driver, Downtown street,Actuating motor error due to initialization issue,,
"ThorDrive, Inc.",AVT064,1/29/2019,1FMCU0GD4JUA98191,No,Yes,Test Driver, Downtown street,Construction on the way.,,
"ThorDrive, Inc.",AVT064,2/12/2019,1FTYE1CM8JKA52066,No,Yes,Test Driver, Downtown street,Stop for the emergency vehicle.,,
"ThorDrive, Inc.",AVT064,3/6/2019,1FTYE1CM8JKA52066,No,Yes,Test Driver, Downtown street,Incorrect behavior prediction of other participants on the unprotected left turn.,,
"ThorDrive, Inc.",AVT064,3/11/2019,1FTYE1CM8JKA52066,No,Yes,Test Driver, Downtown street,Reckless driving road user that came from behind and cut in front of the autonomous vehicle.,,
"ThorDrive, Inc.",AVT064,3/22/2019,1FTYE1CM8JKA52066,No,Yes,Test Driver, Downtown street,Stop for the emergency vehicle.,,
"ThorDrive, Inc.",AVT064,4/15/2019,1FTYE1CM8JKA52066,No,Yes,Test Driver, Downtown street,Perception error due to the occlusion on the corner.,,
"ThorDrive, Inc.",AVT064,4/18/2019,1FTYE1CM8JKA52066,No,Yes,Test Driver, Downtown street,Incorrect behavior prediction of pedestrians on a crosswalk,,
"ThorDrive, Inc.",AVT064,4/29/2019,1FTYE1CM8JKA52066,No,Yes,Test Driver, Downtown street,Construction on the way.,,
"ThorDrive, Inc.",AVT064,5/1/2019,1FTYE1CM8JKA52066,No,Yes,Test Driver, Downtown street,Construction on the way.,,
"ThorDrive, Inc.",AVT064,5/6/2019,1FTYE1CM8JKA52066,No,Yes,Test Driver, Downtown street,Reckless driving road user that came from behind and cut in front of the autonomous vehicle.,,
"ThorDrive, Inc.",AVT064,5/8/2019,1FTYE1CM8JKA52066,No,Yes,Test Driver, Downtown street,Incorrect behavior prediction of a bicyclist.,,
"ThorDrive, Inc.",AVT064,6/24/2019,1FTYE1CM8JKA52066,No,Yes,Test Driver, Downtown street,Hardware connection dropping due to a bump,,
